{
  "matrix_properties": {
    "rank": 21,
    "condition_number": 7075918807.877173,
    "singular_values": [
      0.39463515481825506,
      0.3406732676212077,
      0.2886538527265642,
      0.1466106748585127,
      0.1392629503378792,
      0.10244316126335481,
      0.08541762421292595,
      0.02693039116739506,
      4.1515315988391386e-10,
      3.8343159601055054e-10,
      3.2741148057291526e-10,
      2.597084385828345e-10,
      2.3314225600043354e-10,
      2.2027395245610735e-10,
      1.6638680093356449e-10,
      1.5730126235530262e-10,
      1.3133023108584414e-10,
      9.546868187005022e-11,
      8.552118841043711e-11,
      7.688963989349677e-11,
      5.57715775905926e-11
    ],
    "max_singular_value": 0.39463515481825506,
    "min_singular_value": 5.57715775905926e-11
  }
}